name,#rhinaria
MS_R3_A_right antenna.jpg,29
MS_R3_B_right antenna.jpg,13
MS_R3_C_right antenna.jpg,17
MS_R3_D_right antenna.jpg,9
MS_R3_E_right antenna.jpg,14
MS_R3B_A_right antenna.jpg,16
MS_R3B_B_right antenna.jpg,13
MS_R3B_C_right antenna.jpg,26
MS_R3B_D_right antenna.jpg,17
MS_R3B_E_right antenna.jpg,12
NB10_1_A_right antenna.jpg,6
NB10_1_B_right antenna.jpg,17
NB10_1_C_right antenna.jpg,9
NB6_7_A_right antenna.jpg,13
NB6_7_B_right antenna.jpg,16
NB6_7_C_right antenna.jpg,23
NB6_7_D_right antenna.jpg,29
NB6_7_E_right antenna.jpg,21
NordBH_U1_2_A_right antenna.jpg,14
NordBH_U1_2_B_right antenna.jpg,8
NordBH_U1_2_C_right antenna.jpg,8
NordBH_U1_2_D_right antenna.jpg,15
NordBH_U1_2_E_right antenna.jpg,17
NordBH_U1_1_A_right antenna.jpg,18
NordBH_U1_1_B_right antenna.jpg,15
NordBH_U1_1_C_right antenna.jpg,8
NordBH_U1_1_D_right antenna.jpg,16
NordBH_U1_1_E_right antenna.jpg,10
Schöneweide_U2_A_right antenna.jpg,15
Schöneweide_U2_B_right antenna.jpg,16
Schöneweide_U2_C_right antenna.jpg,0
Schöneweide_U2_D_right antenna.jpg,17
Schöneweide_U2_E_right antenna.jpg,10
Schöneweide_U2_2_A_right antenna.jpg,18
Schöneweide_U2_2_B_right antenna.jpg,12
Schöneweide_U2_2_C_right antenna.jpg,17
Schöneweide_U2_2_D_right antenna.jpg,6
Schöneweide_U2_2_E_right antenna.jpg,19
Spandau_R2_A_right antenna.jpg,14
Spandau_R2_B_right antenna.jpg,15
Spandau_R2_C_right antenna.jpg,15
Spandau_R2_D_right antenna.jpg,17
Spandau_R2_E_right antenna.jpg,19
Spandau R2B_A_right antenna.jpg,23
Spandau R2B_B_right antenna.jpg,26
Spandau R2B_C_right antenna.jpg,8
Spandau R2B_D_right antenna.jpg,21
Spandau R2B_E_right antenna.jpg,11
SG_U3_2_A_right antenna.jpg,0
SG_U3_2_B_right antenna.jpg,19
SG_U3_2_C_right antenna.jpg,8
SG_U3_1_A_right antenna.jpg,17
SG_U3_1_B_right antenna.jpg,17
SG_U3_1_C_right antenna.jpg,21
SG_U3_1_D_right antenna.jpg,15
SG_U3_1_E_right antenna.jpg,16
Wannsee_R1_A_right antenna.jpg,9
Wannsee_R1_B_right antenna.jpg,12
Wannsee_R1_C_right antenna.jpg,17
Wannsee_R1_D_right antenna.jpg,14
Wannsee_R1_E_right antenna.jpg,17
Wannsee_R1_2_A_right antenna.jpg,14
Wannsee_R1_2_B_right antenna.jpg,14
Wannsee_R1_2_C_right antenna.jpg,11
Wannsee_R1_2_D_right antenna.jpg,11
Wannsee_R1_2_E_right antenna.jpg,11
WS9_3_A_right antenna.jpg,0
WS9_3_B_right antenna.jpg,6
WS9_3_C_right antenna.jpg,6
Nh_10_1_A_right antenna.jpg,11
Nh_10_1_B_right antenna.jpg,11
Nh_10_1_C_right antenna.jpg,5
Nh_10_1_D_right antenna.jpg,12
Nh_10_1_E_right antenna.jpg,9
Nh_10_1.2_A_right antenna.jpg,14
Nh_10_1.2_C_right antenna.jpg,15
Nh_10_1.2_D_right antenna.jpg,11
Nh_10_1.2_E_right antenna.jpg,11
Nh_10_2_A_right antenna.jpg,24
Nh_10_2_B_right antenna.jpg,17
Nh_10_2_C_right antenna.jpg,17
Nh_10_2_D_right antenna.jpg,12
Nh_10_2_E_right antenna.jpg,16
Nh_10_3_A_right antenna.jpg,4
Nh_10_3_B_right antenna.jpg,14
Nh_10_3_C_right antenna.jpg,0
Nh_10_3_D_right antenna.jpg,6
Nh_10_3_E_right antenna.jpg,15
Nl_55_1_A_right antenna.jpg,6
Nl_55_1_B_right antenna.jpg,13
Nl_55_1_C_right antenna.jpg,18
Nl_55_1_D_right antenna.jpg,4
Nl_55_1_E_right antenna.jpg,9
Nl_55_2_A_right antenna.jpg,12
Nl_55_2_B_right antenna.jpg,13
Nl_55_2_C_right antenna.jpg,0
Nl_55_2_D_right antenna.jpg,5
Nl_55_2_E_right antenna.jpg,6
Nl_55_3_A_right antenna.jpg,8
Nl_55_3_B_right antenna.jpg,7
Nl_55_3_C_right antenna.jpg,17
Nl_55_3_D_right antenna.jpg,16
Nl_55_3_E_right antenna.jpg,19
Nl_55_4_A_right antenna.jpg,18
Nl_55_4_B_right antenna.jpg,9
Nl_55_4_C_right antenna.jpg,9
Nl_55_4_E_right antenna.jpg,5
Nl_55_4.2_A_right antenna.jpg,13
Nl_55_4.2_B_right antenna.jpg,12
Nl_55_4.2_C_right antenna.jpg,10
Nl_55_4.2_D_right antenna.jpg,12
Nl_55_4.2_E_right antenna.jpg,4
Nl_55_5_A_right antenna.jpg,20
Nl_55_5_B_right antenna.jpg,7
Nl_55_5_C_right antenna.jpg,15
Nl_55_5_D_right antenna.jpg,12
Nl_55_5_E_right antenna.jpg,12
Oh_01_1_A_right antenna.jpg,9
Oh_01_1_B_right antenna.jpg,15
Oh_01_1_C_right antenna.jpg,22
Oh_01_1_D_right antenna.jpg,11
Oh_01_1_E_right antenna.jpg,8
Oh_01_1.2_A_right antenna.jpg,11
Oh_01_1.2_C_right antenna.jpg,15
Oh_01_1.2_E_right antenna.jpg,10
Oh_01_2_A_right antenna.jpg,2
Oh_01_2_C_right antenna.jpg,6
Oh_01_2_D_right antenna.jpg,5
Oh_01_2.2_B_right antenna.jpg,14
Oh_01_2.2_E_right antenna.jpg,19
Oh_01_3_A_right antenna.jpg,18
Oh_01_3_B_right antenna.jpg,13
Oh_01_3_C_right antenna.jpg,9
Oh_01_3_E_right antenna.jpg,NA
Oh_01_3.2_A_right antenna.jpg,17
Oh_01_3.2_D_right antenna.jpg,18
Oh_01_4_A_right antenna.jpg,16
Oh_01_4_B_right antenna.jpg,17
Oh_01_4_C_right antenna.jpg,17
Oh_01_4_D_right antenna.jpg,12
Oh_01_4_E_right antenna.jpg,9
Oh_02_1_A_right antenna.jpg,15
Oh_02_1_B_right antenna.jpg,23
Oh_02_1_C_right antenna.jpg,20
Oh_02_1_D_right antenna.jpg,20
Oh_02_1_E_right antenna.jpg,19
Oh_02_2_A_right antenna.jpg,19
Oh_02_2_B_right antenna.jpg,17
Oh_02_2_C_right antenna.jpg,17
Oh_02_2_D_right antenna.jpg,18
Oh_02_2_E_right antenna.jpg,13
Oh_02_3_A_right antenna.jpg,24
Oh_02_3_B_right antenna.jpg,19
Oh_02_3_C_right antenna.jpg,20
Oh_02_3_D_right antenna.jpg,3
Oh_02_3_E_right antenna.jpg,0
Oh_02_4_A_right antenna.jpg,13
Oh_02_4_B_right antenna.jpg,11
Oh_02_4_C_right antenna.jpg,13
Oh_02_4_D_right antenna.jpg,11
Oh_02_4_E_right antenna.jpg,16
Oh_02_5_B_right antenna.jpg,14
Oh_02_5_C_right antenna.jpg,4
Oh_02_5_D_right antenna.jpg,10
Oh_02_5_E_right antenna.jpg,7
Ol_55_1_A_right antenna.jpg,11
Ol_55_1_B_right antenna.jpg,16
Ol_55_1_C_right antenna.jpg,16
Ol_55_1_D_right antenna.jpg,11
Ol_55_1_E_right antenna.jpg,0
Ol_55_3_A_right antenna.jpg,17
Ol_55_3_B_right antenna.jpg,15
Ol_55_3_C_right antenna.jpg,15
Ol_55_3_D_right antenna.jpg,15
Ol_55_3_E_right antenna.jpg,14
Ol_55_5_A_right antenna.jpg,19
Ol_55_5_B_right antenna.jpg,19
Ol_55_5_C_right antenna.jpg,18
Ol_55_5_D_right antenna.jpg,17
Ol_55_5_E_right antenna.jpg,10
Om_02_1_A_right antenna.jpg,19
Om_02_1_B_right antenna.jpg,20
Om_02_1_C_right antenna.jpg,14
Om_02_1_D_right antenna.jpg,25
Om_02_1_E_right antenna.jpg,23
Om_02_1.2_B_right antenna.jpg,17
Om_06_1_A_right antenna.jpg,10
Om_06_1_B_right antenna.jpg,8
Om_06_1_C_right antenna.jpg,6
Om_06_1_D_right antenna.jpg,6
Om_06_1_E_right antenna.jpg,13
Om_06_3_A_right antenna.jpg,17
Om_06_3_B_right antenna.jpg,21
Om_06_3_C_right antenna.jpg,20
Om_06_3_D_right antenna.jpg,16
Om_06_3_E_right antenna.jpg,23
Om_06_5_A_right antenna.jpg,7
Om_06_5_B_right antenna.jpg,8
Om_06_5_C_right antenna.jpg,9
Om_06_5_D_right antenna.jpg,13
Om_06_5_E_right antenna.jpg,8
Sk_1_A_right antenna.jpg,22
Sk_1_B_right antenna.jpg,12
Sk_1_C_right antenna.jpg,13
Sk_1_D_right antenna.jpg,12
Sk_1_E_right antenna.jpg,13
Sk_2_A_right antenna.jpg,20
Sk_2_B_right antenna.jpg,6
Sk_2_C_right antenna.jpg,12
Sk_2_D_right antenna.jpg,13
Sk_2_E_right antenna.jpg,12
Sk_3_A_right antenna.jpg,7
Sk_3_B_right antenna.jpg,14
Sk_3_C_right antenna.jpg,20
Sk_3_D_right antenna.jpg,16
Sk_3_E_right antenna.jpg,10